,,,,,,,,,,,,,,,,,,,,,,,,,,,,,
name,active,year,commission_year,investable,investment_integer,investment_limit,initial_units,peak_demand,consumer_balance_sense,is_seasonal,storage_inflows,initial_storage_units,initial_storage_level,energy_to_power_ratio,storage_method_energy,investment_limit_storage_energy,investment_integer_storage_energy,use_binary_storage_method,max_energy_timeframe_partition,min_energy_timeframe_partition,unit_commitment,unit_commitment_method,units_on_cost,unit_commitment_integer,min_operating_point,ramping,max_ramp_up,max_ramp_down
NL_E_Demand,true,2030,2030,false,false,,0,21291.22,,false,0,0,,0,false,,false,,,,false,,0.0,false,0.0,false,,
BE_E_Demand,true,2030,2030,false,false,,0,14380.34,,false,0,0,,0,false,,false,,,,false,,0.0,false,0.0,false,,
DE_E_Demand,true,2030,2030,false,false,,0,90152.0,,false,0,0,,0,false,,false,,,,false,,0.0,false,0.0,false,,
FR_E_Demand,true,2030,2030,false,false,,0,85861.0,,false,0,0,,0,false,,false,,,,false,,0.0,false,0.0,false,,
DK_E_Demand,true,2030,2030,false,false,,0,9633.0,,false,0,0,,0,false,,false,,,,false,,0.0,false,0.0,false,,
UK_E_Demand,true,2030,2030,false,false,,0,61936.0,,false,0,0,,0,false,,false,,,,false,,0.0,false,0.0,false,,
IE_E_Demand,true,2030,2030,false,false,,0,6280.0,,false,0,0,,0,false,,false,,,,false,,0.0,false,0.0,false,,
CH_E_Demand,true,2030,2030,false,false,,0,10383.0,,false,0,0,,0,false,,false,,,,false,,0.0,false,0.0,false,,
AT_E_Demand,true,2030,2030,false,false,,0,13428.0,,false,0,0,,0,false,,false,,,,false,,0.0,false,0.0,false,,
LU_E_Demand,true,2030,2030,false,false,,0,1272.0,,false,0,0,,0,false,,false,,,,false,,0.0,false,0.0,false,,
CZ_E_Demand,true,2030,2030,false,false,,0,11417.0,,false,0,0,,0,false,,false,,,,false,,0.0,false,0.0,false,,
PL_E_Demand,true,2030,2030,false,false,,0,27889.0,,false,0,0,,0,false,,false,,,,false,,0.0,false,0.0,false,,
SE_E_Demand,true,2030,2030,false,false,,0,24623.0,,false,0,0,,0,false,,false,,,,false,,0.0,false,0.0,false,,
NO_E_Demand,true,2030,2030,false,false,,0,27028.0,,false,0,0,,0,false,,false,,,,false,,0.0,false,0.0,false,,
ES_E_Demand,true,2030,2030,false,false,,0,44844.0,,false,0,0,,0,false,,false,,,,false,,0.0,false,0.0,false,,
PT_E_Demand,true,2030,2030,false,false,,0,9030.0,,false,0,0,,0,false,,false,,,,false,,0.0,false,0.0,false,,
IT_E_Demand,true,2030,2030,false,false,,0,62099.0,,false,0,0,,0,false,,false,,,,false,,0.0,false,0.0,false,,
MT_E_Demand,true,2030,2030,false,false,,0,552.0,,false,0,0,,0,false,,false,,,,false,,0.0,false,0.0,false,,
SI_E_Demand,true,2030,2030,false,false,,0,2448.0,,false,0,0,,0,false,,false,,,,false,,0.0,false,0.0,false,,
HU_E_Demand,true,2030,2030,false,false,,0,10349.0,,false,0,0,,0,false,,false,,,,false,,0.0,false,0.0,false,,
SK_E_Demand,true,2030,2030,false,false,,0,1056.0,,false,0,0,,0,false,,false,,,,false,,0.0,false,0.0,false,,
LT_E_Demand,true,2030,2030,false,false,,0,2131.0,,false,0,0,,0,false,,false,,,,false,,0.0,false,0.0,false,,
LV_E_Demand,true,2030,2030,false,false,,0,1409.0,,false,0,0,,0,false,,false,,,,false,,0.0,false,0.0,false,,
EE_E_Demand,true,2030,2030,false,false,,0,1551.0,,false,0,0,,0,false,,false,,,,false,,0.0,false,0.0,false,,
FI_E_Demand,true,2030,2030,false,false,,0,16523.0,,false,0,0,,0,false,,false,,,,false,,0.0,false,0.0,false,,
HR_E_Demand,true,2030,2030,false,false,,0,2955.0,,false,0,0,,0,false,,false,,,,false,,0.0,false,0.0,false,,
GR_E_Demand,true,2030,2030,false,false,,0,10719.0,,false,0,0,,0,false,,false,,,,false,,0.0,false,0.0,false,,
BG_E_Demand,true,2030,2030,false,false,,0,6994.0,,false,0,0,,0,false,,false,,,,false,,0.0,false,0.0,false,,
RO_E_Demand,true,2030,2030,false,false,,0,10352.0,,false,0,0,,0,false,,false,,,,false,,0.0,false,0.0,false,,
CY_E_Demand,true,2030,2030,false,false,,0,1331.0,,false,0,0,,0,false,,false,,,,false,,0.0,false,0.0,false,,
NL_E_Balance,true,2030,2030,false,false,,0,0,,false,0,0,,0,false,,false,,,,false,,0.0,false,0.0,false,,
BE_E_Balance,true,2030,2030,false,false,,0,0,,false,0,0,,0,false,,false,,,,false,,0.0,false,0.0,false,,
DE_E_Balance,true,2030,2030,false,false,,0,0,,false,0,0,,0,false,,false,,,,false,,0.0,false,0.0,false,,
FR_E_Balance,true,2030,2030,false,false,,0,0,,false,0,0,,0,false,,false,,,,false,,0.0,false,0.0,false,,
DK_E_Balance,true,2030,2030,false,false,,0,0,,false,0,0,,0,false,,false,,,,false,,0.0,false,0.0,false,,
UK_E_Balance,true,2030,2030,false,false,,0,0,,false,0,0,,0,false,,false,,,,false,,0.0,false,0.0,false,,
IE_E_Balance,true,2030,2030,false,false,,0,0,,false,0,0,,0,false,,false,,,,false,,0.0,false,0.0,false,,
CH_E_Balance,true,2030,2030,false,false,,0,0,,false,0,0,,0,false,,false,,,,false,,0.0,false,0.0,false,,
AT_E_Balance,true,2030,2030,false,false,,0,0,,false,0,0,,0,false,,false,,,,false,,0.0,false,0.0,false,,
LU_E_Balance,true,2030,2030,false,false,,0,0,,false,0,0,,0,false,,false,,,,false,,0.0,false,0.0,false,,
CZ_E_Balance,true,2030,2030,false,false,,0,0,,false,0,0,,0,false,,false,,,,false,,0.0,false,0.0,false,,
PL_E_Balance,true,2030,2030,false,false,,0,0,,false,0,0,,0,false,,false,,,,false,,0.0,false,0.0,false,,
SE_E_Balance,true,2030,2030,false,false,,0,0,,false,0,0,,0,false,,false,,,,false,,0.0,false,0.0,false,,
NO_E_Balance,true,2030,2030,false,false,,0,0,,false,0,0,,0,false,,false,,,,false,,0.0,false,0.0,false,,
ES_E_Balance,true,2030,2030,false,false,,0,0,,false,0,0,,0,false,,false,,,,false,,0.0,false,0.0,false,,
PT_E_Balance,true,2030,2030,false,false,,0,0,,false,0,0,,0,false,,false,,,,false,,0.0,false,0.0,false,,
IT_E_Balance,true,2030,2030,false,false,,0,0,,false,0,0,,0,false,,false,,,,false,,0.0,false,0.0,false,,
MT_E_Balance,true,2030,2030,false,false,,0,0,,false,0,0,,0,false,,false,,,,false,,0.0,false,0.0,false,,
SI_E_Balance,true,2030,2030,false,false,,0,0,,false,0,0,,0,false,,false,,,,false,,0.0,false,0.0,false,,
HU_E_Balance,true,2030,2030,false,false,,0,0,,false,0,0,,0,false,,false,,,,false,,0.0,false,0.0,false,,
SK_E_Balance,true,2030,2030,false,false,,0,0,,false,0,0,,0,false,,false,,,,false,,0.0,false,0.0,false,,
LT_E_Balance,true,2030,2030,false,false,,0,0,,false,0,0,,0,false,,false,,,,false,,0.0,false,0.0,false,,
LV_E_Balance,true,2030,2030,false,false,,0,0,,false,0,0,,0,false,,false,,,,false,,0.0,false,0.0,false,,
EE_E_Balance,true,2030,2030,false,false,,0,0,,false,0,0,,0,false,,false,,,,false,,0.0,false,0.0,false,,
FI_E_Balance,true,2030,2030,false,false,,0,0,,false,0,0,,0,false,,false,,,,false,,0.0,false,0.0,false,,
HR_E_Balance,true,2030,2030,false,false,,0,0,,false,0,0,,0,false,,false,,,,false,,0.0,false,0.0,false,,
GR_E_Balance,true,2030,2030,false,false,,0,0,,false,0,0,,0,false,,false,,,,false,,0.0,false,0.0,false,,
BG_E_Balance,true,2030,2030,false,false,,0,0,,false,0,0,,0,false,,false,,,,false,,0.0,false,0.0,false,,
RO_E_Balance,true,2030,2030,false,false,,0,0,,false,0,0,,0,false,,false,,,,false,,0.0,false,0.0,false,,
CY_E_Balance,true,2030,2030,false,false,,0,0,,false,0,0,,0,false,,false,,,,false,,0.0,false,0.0,false,,
NL_E_ENS,true,2030,2030,false,false,,1,0,,false,0,0,,0,false,,false,,,,false,,0.0,false,0.0,false,,
NL_Wind_Onshore,true,2030,2030,false,false,,1,0,,false,0,0,,0,false,,false,,,,false,,0.0,false,0.0,false,,
NL_Wind_Offshore,true,2030,2030,false,false,,1,0,,false,0,0,,0,false,,false,,,,false,,0.0,false,0.0,false,,
NL_Solar,true,2030,2030,false,false,,1,0,,false,0,0,,0,false,,false,,,,false,,0.0,false,0.0,false,,
NL_Gas,true,2030,2030,false,false,,1,0,,false,0,0,,0,false,,false,,,,false,,0.0,false,0.0,false,,
NL_OCGT,true,2030,2030,false,false,,1,0,,false,0,0,,0,false,,false,,,,false,,0.0,false,0.0,false,,
BE_E_ENS,true,2030,2030,false,false,,1,0,,false,0,0,,0,false,,false,,,,false,,0.0,false,0.0,false,,
BE_Wind_Onshore,true,2030,2030,false,false,,1,0,,false,0,0,,0,false,,false,,,,false,,0.0,false,0.0,false,,
BE_Wind_Offshore,true,2030,2030,false,false,,1,0,,false,0,0,,0,false,,false,,,,false,,0.0,false,0.0,false,,
BE_Solar,true,2030,2030,false,false,,1,0,,false,0,0,,0,false,,false,,,,false,,0.0,false,0.0,false,,
BE_Hydro,true,2030,2030,false,false,,1,0,,false,0,0,,0,false,,false,,,,false,,0.0,false,0.0,false,,
BE_Gas,true,2030,2030,false,false,,1,0,,false,0,0,,0,false,,false,,,,false,,0.0,false,0.0,false,,
BE_OCGT,true,2030,2030,false,false,,1,0,,false,0,0,,0,false,,false,,,,false,,0.0,false,0.0,false,,
DE_E_ENS,true,2030,2030,false,false,,1,0,,false,0,0,,0,false,,false,,,,false,,0.0,false,0.0,false,,
DE_Wind_Onshore,true,2030,2030,false,false,,1,0,,false,0,0,,0,false,,false,,,,false,,0.0,false,0.0,false,,
DE_Wind_Offshore,true,2030,2030,false,false,,1,0,,false,0,0,,0,false,,false,,,,false,,0.0,false,0.0,false,,
DE_Solar,true,2030,2030,false,false,,1,0,,false,0,0,,0,false,,false,,,,false,,0.0,false,0.0,false,,
DE_Hydro,true,2030,2030,false,false,,1,0,,false,0,0,,0,false,,false,,,,false,,0.0,false,0.0,false,,
DE_Coal,true,2030,2030,false,false,,1,0,,false,0,0,,0,false,,false,,,,false,,0.0,false,0.0,false,,
DE_Gas,true,2030,2030,false,false,,1,0,,false,0,0,,0,false,,false,,,,false,,0.0,false,0.0,false,,
DE_OCGT,true,2030,2030,false,false,,1,0,,false,0,0,,0,false,,false,,,,false,,0.0,false,0.0,false,,
FR_E_ENS,true,2030,2030,false,false,,1,0,,false,0,0,,0,false,,false,,,,false,,0.0,false,0.0,false,,
FR_Wind_Onshore,true,2030,2030,false,false,,1,0,,false,0,0,,0,false,,false,,,,false,,0.0,false,0.0,false,,
FR_Wind_Offshore,true,2030,2030,false,false,,1,0,,false,0,0,,0,false,,false,,,,false,,0.0,false,0.0,false,,
FR_Solar,true,2030,2030,false,false,,1,0,,false,0,0,,0,false,,false,,,,false,,0.0,false,0.0,false,,
FR_Hydro,true,2030,2030,false,false,,1,0,,false,0,0,,0,false,,false,,,,false,,0.0,false,0.0,false,,
FR_Nuclear,true,2030,2030,false,false,,1,0,,false,0,0,,0,false,,false,,,,false,,0.0,false,0.0,false,,
FR_Gas,true,2030,2030,false,false,,1,0,,false,0,0,,0,false,,false,,,,false,,0.0,false,0.0,false,,
FR_OCGT,true,2030,2030,false,false,,1,0,,false,0,0,,0,false,,false,,,,false,,0.0,false,0.0,false,,
DK_E_ENS,true,2030,2030,false,false,,1,0,,false,0,0,,0,false,,false,,,,false,,0.0,false,0.0,false,,
DK_Wind_Onshore,true,2030,2030,false,false,,1,0,,false,0,0,,0,false,,false,,,,false,,0.0,false,0.0,false,,
DK_Wind_Offshore,true,2030,2030,false,false,,1,0,,false,0,0,,0,false,,false,,,,false,,0.0,false,0.0,false,,
DK_Solar,true,2030,2030,false,false,,1,0,,false,0,0,,0,false,,false,,,,false,,0.0,false,0.0,false,,
DK_Gas,true,2030,2030,false,false,,1,0,,false,0,0,,0,false,,false,,,,false,,0.0,false,0.0,false,,
DK_OCGT,true,2030,2030,false,false,,1,0,,false,0,0,,0,false,,false,,,,false,,0.0,false,0.0,false,,
UK_E_ENS,true,2030,2030,false,false,,1,0,,false,0,0,,0,false,,false,,,,false,,0.0,false,0.0,false,,
UK_Wind_Onshore,true,2030,2030,false,false,,1,0,,false,0,0,,0,false,,false,,,,false,,0.0,false,0.0,false,,
UK_Wind_Offshore,true,2030,2030,false,false,,1,0,,false,0,0,,0,false,,false,,,,false,,0.0,false,0.0,false,,
UK_Solar,true,2030,2030,false,false,,1,0,,false,0,0,,0,false,,false,,,,false,,0.0,false,0.0,false,,
UK_Hydro,true,2030,2030,false,false,,1,0,,false,0,0,,0,false,,false,,,,false,,0.0,false,0.0,false,,
UK_Nuclear,true,2030,2030,false,false,,1,0,,false,0,0,,0,false,,false,,,,false,,0.0,false,0.0,false,,
UK_Gas,true,2030,2030,false,false,,1,0,,false,0,0,,0,false,,false,,,,false,,0.0,false,0.0,false,,
UK_OCGT,true,2030,2030,false,false,,1,0,,false,0,0,,0,false,,false,,,,false,,0.0,false,0.0,false,,
IE_E_ENS,true,2030,2030,false,false,,1,0,,false,0,0,,0,false,,false,,,,false,,0.0,false,0.0,false,,
IE_Wind_Onshore,true,2030,2030,false,false,,1,0,,false,0,0,,0,false,,false,,,,false,,0.0,false,0.0,false,,
IE_Wind_Offshore,true,2030,2030,false,false,,1,0,,false,0,0,,0,false,,false,,,,false,,0.0,false,0.0,false,,
IE_Solar,true,2030,2030,false,false,,1,0,,false,0,0,,0,false,,false,,,,false,,0.0,false,0.0,false,,
IE_Hydro,true,2030,2030,false,false,,1,0,,false,0,0,,0,false,,false,,,,false,,0.0,false,0.0,false,,
IE_Gas,true,2030,2030,false,false,,1,0,,false,0,0,,0,false,,false,,,,false,,0.0,false,0.0,false,,
IE_OCGT,true,2030,2030,false,false,,1,0,,false,0,0,,0,false,,false,,,,false,,0.0,false,0.0,false,,
CH_E_ENS,true,2030,2030,false,false,,1,0,,false,0,0,,0,false,,false,,,,false,,0.0,false,0.0,false,,
CH_Wind_Onshore,true,2030,2030,false,false,,1,0,,false,0,0,,0,false,,false,,,,false,,0.0,false,0.0,false,,
CH_Solar,true,2030,2030,false,false,,1,0,,false,0,0,,0,false,,false,,,,false,,0.0,false,0.0,false,,
CH_Hydro,true,2030,2030,false,false,,1,0,,false,0,0,,0,false,,false,,,,false,,0.0,false,0.0,false,,
CH_Nuclear,true,2030,2030,false,false,,1,0,,false,0,0,,0,false,,false,,,,false,,0.0,false,0.0,false,,
AT_E_ENS,true,2030,2030,false,false,,1,0,,false,0,0,,0,false,,false,,,,false,,0.0,false,0.0,false,,
AT_Wind_Onshore,true,2030,2030,false,false,,1,0,,false,0,0,,0,false,,false,,,,false,,0.0,false,0.0,false,,
AT_Solar,true,2030,2030,false,false,,1,0,,false,0,0,,0,false,,false,,,,false,,0.0,false,0.0,false,,
AT_Hydro,true,2030,2030,false,false,,1,0,,false,0,0,,0,false,,false,,,,false,,0.0,false,0.0,false,,
AT_Gas,true,2030,2030,false,false,,1,0,,false,0,0,,0,false,,false,,,,false,,0.0,false,0.0,false,,
LU_E_ENS,true,2030,2030,false,false,,1,0,,false,0,0,,0,false,,false,,,,false,,0.0,false,0.0,false,,
LU_Wind_Onshore,true,2030,2030,false,false,,1,0,,false,0,0,,0,false,,false,,,,false,,0.0,false,0.0,false,,
LU_Solar,true,2030,2030,false,false,,1,0,,false,0,0,,0,false,,false,,,,false,,0.0,false,0.0,false,,
LU_Hydro,true,2030,2030,false,false,,1,0,,false,0,0,,0,false,,false,,,,false,,0.0,false,0.0,false,,
CZ_E_ENS,true,2030,2030,false,false,,1,0,,false,0,0,,0,false,,false,,,,false,,0.0,false,0.0,false,,
CZ_Wind_Onshore,true,2030,2030,false,false,,1,0,,false,0,0,,0,false,,false,,,,false,,0.0,false,0.0,false,,
CZ_Solar,true,2030,2030,false,false,,1,0,,false,0,0,,0,false,,false,,,,false,,0.0,false,0.0,false,,
CZ_Hydro,true,2030,2030,false,false,,1,0,,false,0,0,,0,false,,false,,,,false,,0.0,false,0.0,false,,
CZ_Nuclear,true,2030,2030,false,false,,1,0,,false,0,0,,0,false,,false,,,,false,,0.0,false,0.0,false,,
CZ_Coal,true,2030,2030,false,false,,1,0,,false,0,0,,0,false,,false,,,,false,,0.0,false,0.0,false,,
CZ_Gas,true,2030,2030,false,false,,1,0,,false,0,0,,0,false,,false,,,,false,,0.0,false,0.0,false,,
PL_E_ENS,true,2030,2030,false,false,,1,0,,false,0,0,,0,false,,false,,,,false,,0.0,false,0.0,false,,
PL_Wind_Onshore,true,2030,2030,false,false,,1,0,,false,0,0,,0,false,,false,,,,false,,0.0,false,0.0,false,,
PL_Wind_Offshore,true,2030,2030,false,false,,1,0,,false,0,0,,0,false,,false,,,,false,,0.0,false,0.0,false,,
PL_Solar,true,2030,2030,false,false,,1,0,,false,0,0,,0,false,,false,,,,false,,0.0,false,0.0,false,,
PL_Hydro,true,2030,2030,false,false,,1,0,,false,0,0,,0,false,,false,,,,false,,0.0,false,0.0,false,,
PL_Coal,true,2030,2030,false,false,,1,0,,false,0,0,,0,false,,false,,,,false,,0.0,false,0.0,false,,
PL_Gas,true,2030,2030,false,false,,1,0,,false,0,0,,0,false,,false,,,,false,,0.0,false,0.0,false,,
SE_E_ENS,true,2030,2030,false,false,,1,0,,false,0,0,,0,false,,false,,,,false,,0.0,false,0.0,false,,
SE_Wind_Onshore,true,2030,2030,false,false,,1,0,,false,0,0,,0,false,,false,,,,false,,0.0,false,0.0,false,,
SE_Wind_Offshore,true,2030,2030,false,false,,1,0,,false,0,0,,0,false,,false,,,,false,,0.0,false,0.0,false,,
SE_Solar,true,2030,2030,false,false,,1,0,,false,0,0,,0,false,,false,,,,false,,0.0,false,0.0,false,,
SE_Nuclear,true,2030,2030,false,false,,1,0,,false,0,0,,0,false,,false,,,,false,,0.0,false,0.0,false,,
SE_Gas,true,2030,2030,false,false,,1,0,,false,0,0,,0,false,,false,,,,false,,0.0,false,0.0,false,,
SE_OCGT,true,2030,2030,false,false,,1,0,,false,0,0,,0,false,,false,,,,false,,0.0,false,0.0,false,,
NO_E_ENS,true,2030,2030,false,false,,1,0,,false,0,0,,0,false,,false,,,,false,,0.0,false,0.0,false,,
NO_Wind_Onshore,true,2030,2030,false,false,,1,0,,false,0,0,,0,false,,false,,,,false,,0.0,false,0.0,false,,
NO_Wind_Offshore,true,2030,2030,false,false,,1,0,,false,0,0,,0,false,,false,,,,false,,0.0,false,0.0,false,,
NO_Solar,true,2030,2030,false,false,,1,0,,false,0,0,,0,false,,false,,,,false,,0.0,false,0.0,false,,
ES_E_ENS,true,2030,2030,false,false,,1,0,,false,0,0,,0,false,,false,,,,false,,0.0,false,0.0,false,,
ES_Wind_Onshore,true,2030,2030,false,false,,1,0,,false,0,0,,0,false,,false,,,,false,,0.0,false,0.0,false,,
ES_Wind_Offshore,true,2030,2030,false,false,,1,0,,false,0,0,,0,false,,false,,,,false,,0.0,false,0.0,false,,
ES_Solar,true,2030,2030,false,false,,1,0,,false,0,0,,0,false,,false,,,,false,,0.0,false,0.0,false,,
ES_Hydro,true,2030,2030,false,false,,1,0,,false,0,0,,0,false,,false,,,,false,,0.0,false,0.0,false,,
ES_Nuclear,true,2030,2030,false,false,,1,0,,false,0,0,,0,false,,false,,,,false,,0.0,false,0.0,false,,
ES_Gas,true,2030,2030,false,false,,1,0,,false,0,0,,0,false,,false,,,,false,,0.0,false,0.0,false,,
PT_E_ENS,true,2030,2030,false,false,,1,0,,false,0,0,,0,false,,false,,,,false,,0.0,false,0.0,false,,
PT_Wind_Onshore,true,2030,2030,false,false,,1,0,,false,0,0,,0,false,,false,,,,false,,0.0,false,0.0,false,,
PT_Wind_Offshore,true,2030,2030,false,false,,1,0,,false,0,0,,0,false,,false,,,,false,,0.0,false,0.0,false,,
PT_Solar,true,2030,2030,false,false,,1,0,,false,0,0,,0,false,,false,,,,false,,0.0,false,0.0,false,,
PT_Hydro,true,2030,2030,false,false,,1,0,,false,0,0,,0,false,,false,,,,false,,0.0,false,0.0,false,,
PT_Gas,true,2030,2030,false,false,,1,0,,false,0,0,,0,false,,false,,,,false,,0.0,false,0.0,false,,
IT_E_ENS,true,2030,2030,false,false,,1,0,,false,0,0,,0,false,,false,,,,false,,0.0,false,0.0,false,,
IT_Wind_Onshore,true,2030,2030,false,false,,1,0,,false,0,0,,0,false,,false,,,,false,,0.0,false,0.0,false,,
IT_Wind_Offshore,true,2030,2030,false,false,,1,0,,false,0,0,,0,false,,false,,,,false,,0.0,false,0.0,false,,
IT_Solar,true,2030,2030,false,false,,1,0,,false,0,0,,0,false,,false,,,,false,,0.0,false,0.0,false,,
IT_Hydro,true,2030,2030,false,false,,1,0,,false,0,0,,0,false,,false,,,,false,,0.0,false,0.0,false,,
IT_Gas,true,2030,2030,false,false,,1,0,,false,0,0,,0,false,,false,,,,false,,0.0,false,0.0,false,,
IT_OCGT,true,2030,2030,false,false,,1,0,,false,0,0,,0,false,,false,,,,false,,0.0,false,0.0,false,,
MT_E_ENS,true,2030,2030,false,false,,1,0,,false,0,0,,0,false,,false,,,,false,,0.0,false,0.0,false,,
MT_Solar,true,2030,2030,false,false,,1,0,,false,0,0,,0,false,,false,,,,false,,0.0,false,0.0,false,,
MT_Gas,true,2030,2030,false,false,,1,0,,false,0,0,,0,false,,false,,,,false,,0.0,false,0.0,false,,
SI_E_ENS,true,2030,2030,false,false,,1,0,,false,0,0,,0,false,,false,,,,false,,0.0,false,0.0,false,,
SI_Wind_Onshore,true,2030,2030,false,false,,1,0,,false,0,0,,0,false,,false,,,,false,,0.0,false,0.0,false,,
SI_Solar,true,2030,2030,false,false,,1,0,,false,0,0,,0,false,,false,,,,false,,0.0,false,0.0,false,,
SI_Hydro,true,2030,2030,false,false,,1,0,,false,0,0,,0,false,,false,,,,false,,0.0,false,0.0,false,,
SI_Nuclear,true,2030,2030,false,false,,1,0,,false,0,0,,0,false,,false,,,,false,,0.0,false,0.0,false,,
SI_Coal,true,2030,2030,false,false,,1,0,,false,0,0,,0,false,,false,,,,false,,0.0,false,0.0,false,,
SI_Gas,true,2030,2030,false,false,,1,0,,false,0,0,,0,false,,false,,,,false,,0.0,false,0.0,false,,
SI_OCGT,true,2030,2030,false,false,,1,0,,false,0,0,,0,false,,false,,,,false,,0.0,false,0.0,false,,
HU_E_ENS,true,2030,2030,false,false,,1,0,,false,0,0,,0,false,,false,,,,false,,0.0,false,0.0,false,,
HU_Wind_Onshore,true,2030,2030,false,false,,1,0,,false,0,0,,0,false,,false,,,,false,,0.0,false,0.0,false,,
HU_Solar,true,2030,2030,false,false,,1,0,,false,0,0,,0,false,,false,,,,false,,0.0,false,0.0,false,,
HU_Hydro,true,2030,2030,false,false,,1,0,,false,0,0,,0,false,,false,,,,false,,0.0,false,0.0,false,,
HU_Nuclear,true,2030,2030,false,false,,1,0,,false,0,0,,0,false,,false,,,,false,,0.0,false,0.0,false,,
HU_Gas,true,2030,2030,false,false,,1,0,,false,0,0,,0,false,,false,,,,false,,0.0,false,0.0,false,,
HU_OCGT,true,2030,2030,false,false,,1,0,,false,0,0,,0,false,,false,,,,false,,0.0,false,0.0,false,,
SK_E_ENS,true,2030,2030,false,false,,1,0,,false,0,0,,0,false,,false,,,,false,,0.0,false,0.0,false,,
SK_Wind_Onshore,true,2030,2030,false,false,,1,0,,false,0,0,,0,false,,false,,,,false,,0.0,false,0.0,false,,
SK_Solar,true,2030,2030,false,false,,1,0,,false,0,0,,0,false,,false,,,,false,,0.0,false,0.0,false,,
SK_Hydro,true,2030,2030,false,false,,1,0,,false,0,0,,0,false,,false,,,,false,,0.0,false,0.0,false,,
SK_Nuclear,true,2030,2030,false,false,,1,0,,false,0,0,,0,false,,false,,,,false,,0.0,false,0.0,false,,
SK_Coal,true,2030,2030,false,false,,1,0,,false,0,0,,0,false,,false,,,,false,,0.0,false,0.0,false,,
SK_Gas,true,2030,2030,false,false,,1,0,,false,0,0,,0,false,,false,,,,false,,0.0,false,0.0,false,,
LT_E_ENS,true,2030,2030,false,false,,1,0,,false,0,0,,0,false,,false,,,,false,,0.0,false,0.0,false,,
LT_Wind_Onshore,true,2030,2030,false,false,,1,0,,false,0,0,,0,false,,false,,,,false,,0.0,false,0.0,false,,
LT_Wind_Offshore,true,2030,2030,false,false,,1,0,,false,0,0,,0,false,,false,,,,false,,0.0,false,0.0,false,,
LT_Solar,true,2030,2030,false,false,,1,0,,false,0,0,,0,false,,false,,,,false,,0.0,false,0.0,false,,
LT_Hydro,true,2030,2030,false,false,,1,0,,false,0,0,,0,false,,false,,,,false,,0.0,false,0.0,false,,
LT_Gas,true,2030,2030,false,false,,1,0,,false,0,0,,0,false,,false,,,,false,,0.0,false,0.0,false,,
LV_E_ENS,true,2030,2030,false,false,,1,0,,false,0,0,,0,false,,false,,,,false,,0.0,false,0.0,false,,
LV_Wind_Onshore,true,2030,2030,false,false,,1,0,,false,0,0,,0,false,,false,,,,false,,0.0,false,0.0,false,,
LV_Wind_Offshore,true,2030,2030,false,false,,1,0,,false,0,0,,0,false,,false,,,,false,,0.0,false,0.0,false,,
LV_Solar,true,2030,2030,false,false,,1,0,,false,0,0,,0,false,,false,,,,false,,0.0,false,0.0,false,,
LV_Hydro,true,2030,2030,false,false,,1,0,,false,0,0,,0,false,,false,,,,false,,0.0,false,0.0,false,,
LV_Gas,true,2030,2030,false,false,,1,0,,false,0,0,,0,false,,false,,,,false,,0.0,false,0.0,false,,
EE_E_ENS,true,2030,2030,false,false,,1,0,,false,0,0,,0,false,,false,,,,false,,0.0,false,0.0,false,,
EE_Wind_Onshore,true,2030,2030,false,false,,1,0,,false,0,0,,0,false,,false,,,,false,,0.0,false,0.0,false,,
EE_Wind_Offshore,true,2030,2030,false,false,,1,0,,false,0,0,,0,false,,false,,,,false,,0.0,false,0.0,false,,
EE_Solar,true,2030,2030,false,false,,1,0,,false,0,0,,0,false,,false,,,,false,,0.0,false,0.0,false,,
FI_E_ENS,true,2030,2030,false,false,,1,0,,false,0,0,,0,false,,false,,,,false,,0.0,false,0.0,false,,
FI_Wind_Onshore,true,2030,2030,false,false,,1,0,,false,0,0,,0,false,,false,,,,false,,0.0,false,0.0,false,,
FI_Wind_Offshore,true,2030,2030,false,false,,1,0,,false,0,0,,0,false,,false,,,,false,,0.0,false,0.0,false,,
FI_Solar,true,2030,2030,false,false,,1,0,,false,0,0,,0,false,,false,,,,false,,0.0,false,0.0,false,,
FI_Nuclear,true,2030,2030,false,false,,1,0,,false,0,0,,0,false,,false,,,,false,,0.0,false,0.0,false,,
FI_Gas,true,2030,2030,false,false,,1,0,,false,0,0,,0,false,,false,,,,false,,0.0,false,0.0,false,,
FI_OCGT,true,2030,2030,false,false,,1,0,,false,0,0,,0,false,,false,,,,false,,0.0,false,0.0,false,,
HR_E_ENS,true,2030,2030,false,false,,1,0,,false,0,0,,0,false,,false,,,,false,,0.0,false,0.0,false,,
HR_Wind_Onshore,true,2030,2030,false,false,,1,0,,false,0,0,,0,false,,false,,,,false,,0.0,false,0.0,false,,
HR_Solar,true,2030,2030,false,false,,1,0,,false,0,0,,0,false,,false,,,,false,,0.0,false,0.0,false,,
HR_Hydro,true,2030,2030,false,false,,1,0,,false,0,0,,0,false,,false,,,,false,,0.0,false,0.0,false,,
HR_Coal,true,2030,2030,false,false,,1,0,,false,0,0,,0,false,,false,,,,false,,0.0,false,0.0,false,,
HR_Gas,true,2030,2030,false,false,,1,0,,false,0,0,,0,false,,false,,,,false,,0.0,false,0.0,false,,
GR_E_ENS,true,2030,2030,false,false,,1,0,,false,0,0,,0,false,,false,,,,false,,0.0,false,0.0,false,,
GR_Wind_Onshore,true,2030,2030,false,false,,1,0,,false,0,0,,0,false,,false,,,,false,,0.0,false,0.0,false,,
GR_Wind_Offshore,true,2030,2030,false,false,,1,0,,false,0,0,,0,false,,false,,,,false,,0.0,false,0.0,false,,
GR_Solar,true,2030,2030,false,false,,1,0,,false,0,0,,0,false,,false,,,,false,,0.0,false,0.0,false,,
GR_Hydro,true,2030,2030,false,false,,1,0,,false,0,0,,0,false,,false,,,,false,,0.0,false,0.0,false,,
GR_Gas,true,2030,2030,false,false,,1,0,,false,0,0,,0,false,,false,,,,false,,0.0,false,0.0,false,,
GR_OCGT,true,2030,2030,false,false,,1,0,,false,0,0,,0,false,,false,,,,false,,0.0,false,0.0,false,,
BG_E_ENS,true,2030,2030,false,false,,1,0,,false,0,0,,0,false,,false,,,,false,,0.0,false,0.0,false,,
BG_Wind_Onshore,true,2030,2030,false,false,,1,0,,false,0,0,,0,false,,false,,,,false,,0.0,false,0.0,false,,
BG_Solar,true,2030,2030,false,false,,1,0,,false,0,0,,0,false,,false,,,,false,,0.0,false,0.0,false,,
BG_Hydro,true,2030,2030,false,false,,1,0,,false,0,0,,0,false,,false,,,,false,,0.0,false,0.0,false,,
BG_Nuclear,true,2030,2030,false,false,,1,0,,false,0,0,,0,false,,false,,,,false,,0.0,false,0.0,false,,
BG_Coal,true,2030,2030,false,false,,1,0,,false,0,0,,0,false,,false,,,,false,,0.0,false,0.0,false,,
BG_Gas,true,2030,2030,false,false,,1,0,,false,0,0,,0,false,,false,,,,false,,0.0,false,0.0,false,,
BG_OCGT,true,2030,2030,false,false,,1,0,,false,0,0,,0,false,,false,,,,false,,0.0,false,0.0,false,,
RO_E_ENS,true,2030,2030,false,false,,1,0,,false,0,0,,0,false,,false,,,,false,,0.0,false,0.0,false,,
RO_Wind_Onshore,true,2030,2030,false,false,,1,0,,false,0,0,,0,false,,false,,,,false,,0.0,false,0.0,false,,
RO_Solar,true,2030,2030,false,false,,1,0,,false,0,0,,0,false,,false,,,,false,,0.0,false,0.0,false,,
RO_Hydro,true,2030,2030,false,false,,1,0,,false,0,0,,0,false,,false,,,,false,,0.0,false,0.0,false,,
RO_Nuclear,true,2030,2030,false,false,,1,0,,false,0,0,,0,false,,false,,,,false,,0.0,false,0.0,false,,
RO_Coal,true,2030,2030,false,false,,1,0,,false,0,0,,0,false,,false,,,,false,,0.0,false,0.0,false,,
RO_Gas,true,2030,2030,false,false,,1,0,,false,0,0,,0,false,,false,,,,false,,0.0,false,0.0,false,,
RO_OCGT,true,2030,2030,false,false,,1,0,,false,0,0,,0,false,,false,,,,false,,0.0,false,0.0,false,,
CY_E_ENS,true,2030,2030,false,false,,1,0,,false,0,0,,0,false,,false,,,,false,,0.0,false,0.0,false,,
CY_Wind_Onshore,true,2030,2030,false,false,,1,0,,false,0,0,,0,false,,false,,,,false,,0.0,false,0.0,false,,
CY_Solar,true,2030,2030,false,false,,1,0,,false,0,0,,0,false,,false,,,,false,,0.0,false,0.0,false,,
CY_Gas,true,2030,2030,false,false,,1,0,,false,0,0,,0,false,,false,,,,false,,0.0,false,0.0,false,,
NL_Battery,true,2030,2030,false,false,,1,0,,false,5800,1,,0,false,,false,,,,false,,0.0,false,0.0,false,,
BE_Battery,true,2030,2030,false,false,,1,0,,false,767,1,,0,false,,false,,,,false,,0.0,false,0.0,false,,
DE_Hydro_Reservoir,true,2030,2030,false,false,,1,0,,false,1297,1,129300,0,false,,false,,,,false,,0.0,false,0.0,false,,
DE_Battery,true,2030,2030,false,false,,1,0,,false,4941,1,,0,false,,false,,,,false,,0.0,false,0.0,false,,
DE_Pump_Hydro_Closed,true,2030,2030,false,false,,1,0,,false,7382,1,141100,0,false,,false,,,,false,,0.0,false,0.0,false,,
DE_Pump_Hydro_Open,true,2030,2030,false,false,,1,0,,false,1644,1,208350,0,false,,false,,,,false,,0.0,false,0.0,false,,
FR_Hydro_Reservoir,true,2030,2030,false,false,,1,0,,false,8785,1,5000000,0,false,,false,,,,false,,0.0,false,0.0,false,,
FR_Pump_Hydro_Closed,true,2030,2030,false,false,,1,0,,false,1950,1,5000,0,false,,false,,,,false,,0.0,false,0.0,false,,
FR_Pump_Hydro_Open,true,2030,2030,false,false,,1,0,,false,1850,1,45000,0,false,,false,,,,false,,0.0,false,0.0,false,,
UK_Battery,true,2030,2030,false,false,,1,0,,false,9059,1,,0,false,,false,,,,false,,0.0,false,0.0,false,,
UK_Pump_Hydro_Closed,true,2030,2030,false,false,,1,0,,false,2744,1,13200,0,false,,false,,,,false,,0.0,false,0.0,false,,
IE_Battery,true,2030,2030,false,false,,1,0,,false,450,1,,0,false,,false,,,,false,,0.0,false,0.0,false,,
IE_Pump_Hydro_Closed,true,2030,2030,false,false,,1,0,,false,292,1,850,0,false,,false,,,,false,,0.0,false,0.0,false,,
CH_Battery,true,2030,2030,false,false,,1,0,,false,656,1,,0,false,,false,,,,false,,0.0,false,0.0,false,,
CH_Pump_Hydro_Closed,true,2030,2030,false,false,,1,0,,false,2170,1,35000,0,false,,false,,,,false,,0.0,false,0.0,false,,
CH_Pump_Hydro_Open,true,2030,2030,false,false,,1,0,,false,10732,1,4400000,0,false,,false,,,,false,,0.0,false,0.0,false,,
AT_Hydro_Reservoir,true,2030,2030,false,false,,1,0,,false,2489,1,378500,0,false,,false,,,,false,,0.0,false,0.0,false,,
AT_Battery,true,2030,2030,false,false,,1,0,,false,2469,1,,0,false,,false,,,,false,,0.0,false,0.0,false,,
AT_Pump_Hydro_Closed,true,2030,2030,false,false,,1,0,,false,300,1,900,0,false,,false,,,,false,,0.0,false,0.0,false,,
AT_Pump_Hydro_Open,true,2030,2030,false,false,,1,0,,false,5793,1,866300,0,false,,false,,,,false,,0.0,false,0.0,false,,
LU_Pump_Hydro_Closed,true,2030,2030,false,false,,1,0,,false,1310,1,2500,0,false,,false,,,,false,,0.0,false,0.0,false,,
CZ_Hydro_Reservoir,true,2030,2030,false,false,,1,0,,false,698,1,1250,0,false,,false,,,,false,,0.0,false,0.0,false,,
CZ_Battery,true,2030,2030,false,false,,1,0,,false,1220,1,,0,false,,false,,,,false,,0.0,false,0.0,false,,
CZ_Pump_Hydro_Closed,true,2030,2030,false,false,,1,0,,false,688,1,1850,0,false,,false,,,,false,,0.0,false,0.0,false,,
CZ_Pump_Hydro_Open,true,2030,2030,false,false,,1,0,,false,470,1,1150,0,false,,false,,,,false,,0.0,false,0.0,false,,
PL_Hydro_Reservoir,true,2030,2030,false,false,,1,0,,false,272,1,400,0,false,,false,,,,false,,0.0,false,0.0,false,,
PL_Pump_Hydro_Closed,true,2030,2030,false,false,,1,0,,false,1323,1,3150,0,false,,false,,,,false,,0.0,false,0.0,false,,
PL_Pump_Hydro_Open,true,2030,2030,false,false,,1,0,,false,216,1,750,0,false,,false,,,,false,,0.0,false,0.0,false,,
SE_Hydro_Reservoir,true,2030,2030,false,false,,1,0,,false,16447,1,15965663,0,false,,false,,,,false,,0.0,false,0.0,false,,
SE_Battery,true,2030,2030,false,false,,1,0,,false,543,1,,0,false,,false,,,,false,,0.0,false,0.0,false,,
NO_Pump_Hydro_Open,true,2030,2030,false,false,,1,0,,false,38048,1,44788700,0,false,,false,,,,false,,0.0,false,0.0,false,,
ES_Hydro_Reservoir,true,2030,2030,false,false,,1,0,,false,10972,1,5824250,0,false,,false,,,,false,,0.0,false,0.0,false,,
ES_Battery,true,2030,2030,false,false,,1,0,,false,2500,1,,0,false,,false,,,,false,,0.0,false,0.0,false,,
ES_Pump_Hydro_Closed,true,2030,2030,false,false,,1,0,,false,6866,1,49500,0,false,,false,,,,false,,0.0,false,0.0,false,,
ES_Pump_Hydro_Open,true,2030,2030,false,false,,1,0,,false,2683,1,2980950,0,false,,false,,,,false,,0.0,false,0.0,false,,
PT_Hydro_Reservoir,true,2030,2030,false,false,,1,0,,false,3766,1,644800,0,false,,false,,,,false,,0.0,false,0.0,false,,
PT_Pump_Hydro_Open,true,2030,2030,false,false,,1,0,,false,3832,1,1008950,0,false,,false,,,,false,,0.0,false,0.0,false,,
IT_Hydro_Reservoir,true,2030,2030,false,false,,1,0,,false,9576,1,2783925,0,false,,false,,,,false,,0.0,false,0.0,false,,
IT_Battery,true,2030,2030,false,false,,1,0,,false,1500,1,,0,false,,false,,,,false,,0.0,false,0.0,false,,
IT_Pump_Hydro_Closed,true,2030,2030,false,false,,1,0,,false,6200,1,31500,0,false,,false,,,,false,,0.0,false,0.0,false,,
IT_Pump_Hydro_Open,true,2030,2030,false,false,,1,0,,false,3254,1,144495,0,false,,false,,,,false,,0.0,false,0.0,false,,
SI_Battery,true,2030,2030,false,false,,1,0,,false,65,1,,0,false,,false,,,,false,,0.0,false,0.0,false,,
SI_Pump_Hydro_Closed,true,2030,2030,false,false,,1,0,,false,180,1,1300,0,false,,false,,,,false,,0.0,false,0.0,false,,
HU_Battery,true,2030,2030,false,false,,1,0,,false,50,1,,0,false,,false,,,,false,,0.0,false,0.0,false,,
SK_Hydro_Reservoir,true,2030,2030,false,false,,1,0,,false,21,1,8621,0,false,,false,,,,false,,0.0,false,0.0,false,,
SK_Pump_Hydro_Closed,true,2030,2030,false,false,,1,0,,false,650,1,2050,0,false,,false,,,,false,,0.0,false,0.0,false,,
SK_Pump_Hydro_Open,true,2030,2030,false,false,,1,0,,false,276,1,22775,0,false,,false,,,,false,,0.0,false,0.0,false,,
LT_Battery,true,2030,2030,false,false,,1,0,,false,20,1,,0,false,,false,,,,false,,0.0,false,0.0,false,,
LT_Pump_Hydro_Closed,true,2030,2030,false,false,,1,0,,false,930,1,5300,0,false,,false,,,,false,,0.0,false,0.0,false,,
FI_Hydro_Reservoir,true,2030,2030,false,false,,1,0,,false,3237,1,2765000,0,false,,false,,,,false,,0.0,false,0.0,false,,
FI_Battery,true,2030,2030,false,false,,1,0,,false,125,1,,0,false,,false,,,,false,,0.0,false,0.0,false,,
HR_Hydro_Reservoir,true,2030,2030,false,false,,1,0,,false,1941,1,1022950,0,false,,false,,,,false,,0.0,false,0.0,false,,
HR_Battery,true,2030,2030,false,false,,1,0,,false,20,1,,0,false,,false,,,,false,,0.0,false,0.0,false,,
HR_Pump_Hydro_Open,true,2030,2030,false,false,,1,0,,false,281,1,9150,0,false,,false,,,,false,,0.0,false,0.0,false,,
GR_Hydro_Reservoir,true,2030,2030,false,false,,1,0,,false,2744,1,1800000,0,false,,false,,,,false,,0.0,false,0.0,false,,
GR_Battery,true,2030,2030,false,false,,1,0,,false,1100,1,,0,false,,false,,,,false,,0.0,false,0.0,false,,
GR_Pump_Hydro_Closed,true,2030,2030,false,false,,1,0,,false,680,0,0,0,false,,false,,,,false,,0.0,false,0.0,false,,
GR_Pump_Hydro_Open,true,2030,2030,false,false,,1,0,,false,699,1,2250,0,false,,false,,,,false,,0.0,false,0.0,false,,
BG_Hydro_Reservoir,true,2030,2030,false,false,,1,0,,false,1281,1,421500,0,false,,false,,,,false,,0.0,false,0.0,false,,
BG_Pump_Hydro_Closed,true,2030,2030,false,false,,1,0,,false,864,1,4700,0,false,,false,,,,false,,0.0,false,0.0,false,,
BG_Pump_Hydro_Open,true,2030,2030,false,false,,1,0,,false,535,1,127650,0,false,,false,,,,false,,0.0,false,0.0,false,,
RO_Hydro_Reservoir,true,2030,2030,false,false,,1,0,,false,2579,1,1212650,0,false,,false,,,,false,,0.0,false,0.0,false,,
RO_Battery,true,2030,2030,false,false,,1,0,,false,100,1,,0,false,,false,,,,false,,0.0,false,0.0,false,,
RO_Pump_Hydro_Open,true,2030,2030,false,false,,1,0,,false,839,1,753200,0,false,,false,,,,false,,0.0,false,0.0,false,,
CY_Battery,true,2030,2030,false,false,,1,0,,false,41,1,,0,false,,false,,,,false,,0.0,false,0.0,false,,
