,,,,,,,,,,,,,
name,type,group,investment_method,capacity,technical_lifetime,economic_lifetime,discount_rate,capacity_storage_energy,country,technology,lat,lon
NL_E_Demand,consumer,,none,0.0,1.0,1.0,0.0,0.0,NL,Demand,52.1326,5.2913
BE_E_Demand,consumer,,none,0.0,1.0,1.0,0.0,0.0,BE,Demand,50.8503,4.3517
DE_E_Demand,consumer,,none,0.0,1.0,1.0,0.0,0.0,DE,Demand,51.1657,10.4515
FR_E_Demand,consumer,,none,0.0,1.0,1.0,0.0,0.0,FR,Demand,46.6034,1.8883
DK_E_Demand,consumer,,none,0.0,1.0,1.0,0.0,0.0,DK,Demand,56.2639,9.5018
UK_E_Demand,consumer,,none,0.0,1.0,1.0,0.0,0.0,UK,Demand,55.3781,-3.436
IE_E_Demand,consumer,,none,0.0,1.0,1.0,0.0,0.0,IE,Demand,53.1424,-7.6921
CH_E_Demand,consumer,,none,0.0,1.0,1.0,0.0,0.0,CH,Demand,46.8182,8.2275
AT_E_Demand,consumer,,none,0.0,1.0,1.0,0.0,0.0,AT,Demand,47.5162,14.5501
LU_E_Demand,consumer,,none,0.0,1.0,1.0,0.0,0.0,LU,Demand,49.8153,6.1296
CZ_E_Demand,consumer,,none,0.0,1.0,1.0,0.0,0.0,CZ,Demand,49.8175,15.473
PL_E_Demand,consumer,,none,0.0,1.0,1.0,0.0,0.0,PL,Demand,51.9194,19.1451
SE_E_Demand,consumer,,none,0.0,1.0,1.0,0.0,0.0,SE,Demand,60.1282,18.6435
NO_E_Demand,consumer,,none,0.0,1.0,1.0,0.0,0.0,NO,Demand,60.472,8.4689
ES_E_Demand,consumer,,none,0.0,1.0,1.0,0.0,0.0,ES,Demand,40.4637,-3.7492
PT_E_Demand,consumer,,none,0.0,1.0,1.0,0.0,0.0,PT,Demand,39.3999,-8.2245
IT_E_Demand,consumer,,none,0.0,1.0,1.0,0.0,0.0,IT,Demand,41.8719,12.5674
MT_E_Demand,consumer,,none,0.0,1.0,1.0,0.0,0.0,MT,Demand,35.9375,14.3754
SI_E_Demand,consumer,,none,0.0,1.0,1.0,0.0,0.0,SI,Demand,46.1512,14.9955
HU_E_Demand,consumer,,none,0.0,1.0,1.0,0.0,0.0,HU,Demand,47.1625,19.5033
SK_E_Demand,consumer,,none,0.0,1.0,1.0,0.0,0.0,SK,Demand,48.669,19.699
LT_E_Demand,consumer,,none,0.0,1.0,1.0,0.0,0.0,LT,Demand,55.1694,23.8813
LV_E_Demand,consumer,,none,0.0,1.0,1.0,0.0,0.0,LV,Demand,56.8796,24.6032
EE_E_Demand,consumer,,none,0.0,1.0,1.0,0.0,0.0,EE,Demand,58.5953,25.0136
FI_E_Demand,consumer,,none,0.0,1.0,1.0,0.0,0.0,FI,Demand,61.9241,25.7482
HR_E_Demand,consumer,,none,0.0,1.0,1.0,0.0,0.0,HR,Demand,45.1,15.2
GR_E_Demand,consumer,,none,0.0,1.0,1.0,0.0,0.0,GR,Demand,39.0742,21.8243
BG_E_Demand,consumer,,none,0.0,1.0,1.0,0.0,0.0,BG,Demand,42.7339,25.4858
RO_E_Demand,consumer,,none,0.0,1.0,1.0,0.0,0.0,RO,Demand,45.9432,24.9668
CY_E_Demand,consumer,,none,0.0,1.0,1.0,0.0,0.0,CY,Demand,35.1264,33.4299
NL_E_Balance,hub,,none,0.0,1.0,1.0,0.0,0.0,NL,Balance,52.1326,5.2913
BE_E_Balance,hub,,none,0.0,1.0,1.0,0.0,0.0,BE,Balance,50.8503,4.3517
DE_E_Balance,hub,,none,0.0,1.0,1.0,0.0,0.0,DE,Balance,51.1657,10.4515
FR_E_Balance,hub,,none,0.0,1.0,1.0,0.0,0.0,FR,Balance,46.6034,1.8883
DK_E_Balance,hub,,none,0.0,1.0,1.0,0.0,0.0,DK,Balance,56.2639,9.5018
UK_E_Balance,hub,,none,0.0,1.0,1.0,0.0,0.0,UK,Balance,55.3781,-3.436
IE_E_Balance,hub,,none,0.0,1.0,1.0,0.0,0.0,IE,Balance,53.1424,-7.6921
CH_E_Balance,hub,,none,0.0,1.0,1.0,0.0,0.0,CH,Balance,46.8182,8.2275
AT_E_Balance,hub,,none,0.0,1.0,1.0,0.0,0.0,AT,Balance,47.5162,14.5501
LU_E_Balance,hub,,none,0.0,1.0,1.0,0.0,0.0,LU,Balance,49.8153,6.1296
CZ_E_Balance,hub,,none,0.0,1.0,1.0,0.0,0.0,CZ,Balance,49.8175,15.473
PL_E_Balance,hub,,none,0.0,1.0,1.0,0.0,0.0,PL,Balance,51.9194,19.1451
SE_E_Balance,hub,,none,0.0,1.0,1.0,0.0,0.0,SE,Balance,60.1282,18.6435
NO_E_Balance,hub,,none,0.0,1.0,1.0,0.0,0.0,NO,Balance,60.472,8.4689
ES_E_Balance,hub,,none,0.0,1.0,1.0,0.0,0.0,ES,Balance,40.4637,-3.7492
PT_E_Balance,hub,,none,0.0,1.0,1.0,0.0,0.0,PT,Balance,39.3999,-8.2245
IT_E_Balance,hub,,none,0.0,1.0,1.0,0.0,0.0,IT,Balance,41.8719,12.5674
MT_E_Balance,hub,,none,0.0,1.0,1.0,0.0,0.0,MT,Balance,35.9375,14.3754
SI_E_Balance,hub,,none,0.0,1.0,1.0,0.0,0.0,SI,Balance,46.1512,14.9955
HU_E_Balance,hub,,none,0.0,1.0,1.0,0.0,0.0,HU,Balance,47.1625,19.5033
SK_E_Balance,hub,,none,0.0,1.0,1.0,0.0,0.0,SK,Balance,48.669,19.699
LT_E_Balance,hub,,none,0.0,1.0,1.0,0.0,0.0,LT,Balance,55.1694,23.8813
LV_E_Balance,hub,,none,0.0,1.0,1.0,0.0,0.0,LV,Balance,56.8796,24.6032
EE_E_Balance,hub,,none,0.0,1.0,1.0,0.0,0.0,EE,Balance,58.5953,25.0136
FI_E_Balance,hub,,none,0.0,1.0,1.0,0.0,0.0,FI,Balance,61.9241,25.7482
HR_E_Balance,hub,,none,0.0,1.0,1.0,0.0,0.0,HR,Balance,45.1,15.2
GR_E_Balance,hub,,none,0.0,1.0,1.0,0.0,0.0,GR,Balance,39.0742,21.8243
BG_E_Balance,hub,,none,0.0,1.0,1.0,0.0,0.0,BG,Balance,42.7339,25.4858
RO_E_Balance,hub,,none,0.0,1.0,1.0,0.0,0.0,RO,Balance,45.9432,24.9668
CY_E_Balance,hub,,none,0.0,1.0,1.0,0.0,0.0,CY,Balance,35.1264,33.4299
NL_E_ENS,producer,,none,21291.22,1.0,1.0,0.0,0.0,NL,E_ENS,52.1326,5.2913
NL_Wind_Onshore,producer,,none,7976.0,1.0,1.0,0.0,0.0,NL,Wind_Onshore,52.1326,5.2913
NL_Wind_Offshore,producer,,none,11470.0,1.0,1.0,0.0,0.0,NL,Wind_Offshore,52.1326,5.2913
NL_Solar,producer,,none,27264.0,1.0,1.0,0.0,0.0,NL,Solar,52.1326,5.2913
NL_Gas,producer,,none,10615.0,1.0,1.0,0.0,0.0,NL,Gas,52.1326,5.2913
NL_OCGT,producer,,none,628.0,1.0,1.0,0.0,0.0,NL,OCGT,52.1326,5.2913
BE_E_ENS,producer,,none,14380.34,1.0,1.0,0.0,0.0,BE,E_ENS,50.8503,4.3517
BE_Wind_Onshore,producer,,none,4669.0,1.0,1.0,0.0,0.0,BE,Wind_Onshore,50.8503,4.3517
BE_Wind_Offshore,producer,,none,5800.0,1.0,1.0,0.0,0.0,BE,Wind_Offshore,50.8503,4.3517
BE_Solar,producer,,none,10400.0,1.0,1.0,0.0,0.0,BE,Solar,50.8503,4.3517
BE_Hydro,producer,,none,1372.0,1.0,1.0,0.0,0.0,BE,Hydro,50.8503,4.3517
BE_Gas,producer,,none,8731.0,1.0,1.0,0.0,0.0,BE,Gas,50.8503,4.3517
BE_OCGT,producer,,none,294.0,1.0,1.0,0.0,0.0,BE,OCGT,50.8503,4.3517
DE_E_ENS,producer,,none,90152.0,1.0,1.0,0.0,0.0,DE,E_ENS,51.1657,10.4515
DE_Wind_Onshore,producer,,none,75372.0,1.0,1.0,0.0,0.0,DE,Wind_Onshore,51.1657,10.4515
DE_Wind_Offshore,producer,,none,23296.0,1.0,1.0,0.0,0.0,DE,Wind_Offshore,51.1657,10.4515
DE_Solar,producer,,none,96140.0,1.0,1.0,0.0,0.0,DE,Solar,51.1657,10.4515
DE_Hydro,producer,,none,15055.0,1.0,1.0,0.0,0.0,DE,Hydro,51.1657,10.4515
DE_Coal,producer,,none,17042.0,1.0,1.0,0.0,0.0,DE,Coal,51.1657,10.4515
DE_Gas,producer,,none,25898.0,1.0,1.0,0.0,0.0,DE,Gas,51.1657,10.4515
DE_OCGT,producer,,none,2613.0,1.0,1.0,0.0,0.0,DE,OCGT,51.1657,10.4515
FR_E_ENS,producer,,none,85861.0,1.0,1.0,0.0,0.0,FR,E_ENS,46.6034,1.8883
FR_Wind_Onshore,producer,,none,35929.0,1.0,1.0,0.0,0.0,FR,Wind_Onshore,46.6034,1.8883
FR_Wind_Offshore,producer,,none,5500.0,1.0,1.0,0.0,0.0,FR,Wind_Offshore,46.6034,1.8883
FR_Solar,producer,,none,43441.0,1.0,1.0,0.0,0.0,FR,Solar,46.6034,1.8883
FR_Hydro,producer,,none,13600.0,1.0,1.0,0.0,0.0,FR,Hydro,46.6034,1.8883
FR_Nuclear,producer,,none,59110.0,1.0,1.0,0.0,0.0,FR,Nuclear,46.6034,1.8883
FR_Gas,producer,,none,7189.0,1.0,1.0,0.0,0.0,FR,Gas,46.6034,1.8883
FR_OCGT,producer,,none,2613.0,1.0,1.0,0.0,0.0,FR,OCGT,46.6034,1.8883
DK_E_ENS,producer,,none,9633.0,1.0,1.0,0.0,0.0,DK,E_ENS,56.2639,9.5018
DK_Wind_Onshore,producer,,none,6157.0,1.0,1.0,0.0,0.0,DK,Wind_Onshore,56.2639,9.5018
DK_Wind_Offshore,producer,,none,6830.0,1.0,1.0,0.0,0.0,DK,Wind_Offshore,56.2639,9.5018
DK_Solar,producer,,none,6467.0,1.0,1.0,0.0,0.0,DK,Solar,56.2639,9.5018
DK_Gas,producer,,none,1324.0,1.0,1.0,0.0,0.0,DK,Gas,56.2639,9.5018
DK_OCGT,producer,,none,154.0,1.0,1.0,0.0,0.0,DK,OCGT,56.2639,9.5018
UK_E_ENS,producer,,none,61936.0,1.0,1.0,0.0,0.0,UK,E_ENS,55.3781,-3.436
UK_Wind_Onshore,producer,,none,26590.0,1.0,1.0,0.0,0.0,UK,Wind_Onshore,55.3781,-3.436
UK_Wind_Offshore,producer,,none,34750.0,1.0,1.0,0.0,0.0,UK,Wind_Offshore,55.3781,-3.436
UK_Solar,producer,,none,23408.0,1.0,1.0,0.0,0.0,UK,Solar,55.3781,-3.436
UK_Hydro,producer,,none,4839.0,1.0,1.0,0.0,0.0,UK,Hydro,55.3781,-3.436
UK_Nuclear,producer,,none,9328.0,1.0,1.0,0.0,0.0,UK,Nuclear,55.3781,-3.436
UK_Gas,producer,,none,19802.0,1.0,1.0,0.0,0.0,UK,Gas,55.3781,-3.436
UK_OCGT,producer,,none,817.0,1.0,1.0,0.0,0.0,UK,OCGT,55.3781,-3.436
IE_E_ENS,producer,,none,6280.0,1.0,1.0,0.0,0.0,IE,E_ENS,53.1424,-7.6921
IE_Wind_Onshore,producer,,none,5800.0,1.0,1.0,0.0,0.0,IE,Wind_Onshore,53.1424,-7.6921
IE_Wind_Offshore,producer,,none,3500.0,1.0,1.0,0.0,0.0,IE,Wind_Offshore,53.1424,-7.6921
IE_Solar,producer,,none,600.0,1.0,1.0,0.0,0.0,IE,Solar,53.1424,-7.6921
IE_Hydro,producer,,none,508.0,1.0,1.0,0.0,0.0,IE,Hydro,53.1424,-7.6921
IE_Gas,producer,,none,4109.0,1.0,1.0,0.0,0.0,IE,Gas,53.1424,-7.6921
IE_OCGT,producer,,none,446.0,1.0,1.0,0.0,0.0,IE,OCGT,53.1424,-7.6921
CH_E_ENS,producer,,none,10383.0,1.0,1.0,0.0,0.0,CH,E_ENS,46.8182,8.2275
CH_Wind_Onshore,producer,,none,300.0,1.0,1.0,0.0,0.0,CH,Wind_Onshore,46.8182,8.2275
CH_Solar,producer,,none,9800.0,1.0,1.0,0.0,0.0,CH,Solar,46.8182,8.2275
CH_Hydro,producer,,none,17100.0,1.0,1.0,0.0,0.0,CH,Hydro,46.8182,8.2275
CH_Nuclear,producer,,none,1190.0,1.0,1.0,0.0,0.0,CH,Nuclear,46.8182,8.2275
AT_E_ENS,producer,,none,13428.0,1.0,1.0,0.0,0.0,AT,E_ENS,47.5162,14.5501
AT_Wind_Onshore,producer,,none,9000.0,1.0,1.0,0.0,0.0,AT,Wind_Onshore,47.5162,14.5501
AT_Solar,producer,,none,12000.0,1.0,1.0,0.0,0.0,AT,Solar,47.5162,14.5501
AT_Hydro,producer,,none,12190.0,1.0,1.0,0.0,0.0,AT,Hydro,47.5162,14.5501
AT_Gas,producer,,none,3129.0,1.0,1.0,0.0,0.0,AT,Gas,47.5162,14.5501
LU_E_ENS,producer,,none,1272.0,1.0,1.0,0.0,0.0,LU,E_ENS,49.8153,6.1296
LU_Wind_Onshore,producer,,none,400.0,1.0,1.0,0.0,0.0,LU,Wind_Onshore,49.8153,6.1296
LU_Solar,producer,,none,608.0,1.0,1.0,0.0,0.0,LU,Solar,49.8153,6.1296
LU_Hydro,producer,,none,42.0,1.0,1.0,0.0,0.0,LU,Hydro,49.8153,6.1296
CZ_E_ENS,producer,,none,11417.0,1.0,1.0,0.0,0.0,CZ,E_ENS,49.8175,15.473
CZ_Wind_Onshore,producer,,none,742.0,1.0,1.0,0.0,0.0,CZ,Wind_Onshore,49.8175,15.473
CZ_Solar,producer,,none,8159.0,1.0,1.0,0.0,0.0,CZ,Solar,49.8175,15.473
CZ_Hydro,producer,,none,432.0,1.0,1.0,0.0,0.0,CZ,Hydro,49.8175,15.473
CZ_Nuclear,producer,,none,4047.0,1.0,1.0,0.0,0.0,CZ,Nuclear,49.8175,15.473
CZ_Coal,producer,,none,2850.0,1.0,1.0,0.0,0.0,CZ,Coal,49.8175,15.473
CZ_Gas,producer,,none,4036.0,1.0,1.0,0.0,0.0,CZ,Gas,49.8175,15.473
PL_E_ENS,producer,,none,27889.0,1.0,1.0,0.0,0.0,PL,E_ENS,51.9194,19.1451
PL_Wind_Onshore,producer,,none,8663.0,1.0,1.0,0.0,0.0,PL,Wind_Onshore,51.9194,19.1451
PL_Wind_Offshore,producer,,none,5900.0,1.0,1.0,0.0,0.0,PL,Wind_Offshore,51.9194,19.1451
PL_Solar,producer,,none,5114.0,1.0,1.0,0.0,0.0,PL,Solar,51.9194,19.1451
PL_Hydro,producer,,none,518.0,1.0,1.0,0.0,0.0,PL,Hydro,51.9194,19.1451
PL_Coal,producer,,none,19056.0,1.0,1.0,0.0,0.0,PL,Coal,51.9194,19.1451
PL_Gas,producer,,none,4689.0,1.0,1.0,0.0,0.0,PL,Gas,51.9194,19.1451
SE_E_ENS,producer,,none,24623.0,1.0,1.0,0.0,0.0,SE,E_ENS,60.1282,18.6435
SE_Wind_Onshore,producer,,none,16901.0,1.0,1.0,0.0,0.0,SE,Wind_Onshore,60.1282,18.6435
SE_Wind_Offshore,producer,,none,5000.0,1.0,1.0,0.0,0.0,SE,Wind_Offshore,60.1282,18.6435
SE_Solar,producer,,none,7339.0,1.0,1.0,0.0,0.0,SE,Solar,60.1282,18.6435
SE_Nuclear,producer,,none,5114.0,1.0,1.0,0.0,0.0,SE,Nuclear,60.1282,18.6435
SE_Gas,producer,,none,111.0,1.0,1.0,0.0,0.0,SE,Gas,60.1282,18.6435
SE_OCGT,producer,,none,111.0,1.0,1.0,0.0,0.0,SE,OCGT,60.1282,18.6435
NO_E_ENS,producer,,none,27028.0,1.0,1.0,0.0,0.0,NO,E_ENS,60.472,8.4689
NO_Wind_Onshore,producer,,none,6060.0,1.0,1.0,0.0,0.0,NO,Wind_Onshore,60.472,8.4689
NO_Wind_Offshore,producer,,none,200.0,1.0,1.0,0.0,0.0,NO,Wind_Offshore,60.472,8.4689
NO_Solar,producer,,none,600.0,1.0,1.0,0.0,0.0,NO,Solar,60.472,8.4689
ES_E_ENS,producer,,none,44844.0,1.0,1.0,0.0,0.0,ES,E_ENS,40.4637,-3.7492
ES_Wind_Onshore,producer,,none,48350.0,1.0,1.0,0.0,0.0,ES,Wind_Onshore,40.4637,-3.7492
ES_Wind_Offshore,producer,,none,200.0,1.0,1.0,0.0,0.0,ES,Wind_Offshore,40.4637,-3.7492
ES_Solar,producer,,none,45704.0,1.0,1.0,0.0,0.0,ES,Solar,40.4637,-3.7492
ES_Hydro,producer,,none,3640.0,1.0,1.0,0.0,0.0,ES,Hydro,40.4637,-3.7492
ES_Nuclear,producer,,none,3041.0,1.0,1.0,0.0,0.0,ES,Nuclear,40.4637,-3.7492
ES_Gas,producer,,none,24499.0,1.0,1.0,0.0,0.0,ES,Gas,40.4637,-3.7492
PT_E_ENS,producer,,none,9030.0,1.0,1.0,0.0,0.0,PT,E_ENS,39.3999,-8.2245
PT_Wind_Onshore,producer,,none,8901.0,1.0,1.0,0.0,0.0,PT,Wind_Onshore,39.3999,-8.2245
PT_Wind_Offshore,producer,,none,260.0,1.0,1.0,0.0,0.0,PT,Wind_Offshore,39.3999,-8.2245
PT_Solar,producer,,none,7761.0,1.0,1.0,0.0,0.0,PT,Solar,39.3999,-8.2245
PT_Hydro,producer,,none,793.0,1.0,1.0,0.0,0.0,PT,Hydro,39.3999,-8.2245
PT_Gas,producer,,none,2839.0,1.0,1.0,0.0,0.0,PT,Gas,39.3999,-8.2245
IT_E_ENS,producer,,none,62099.0,1.0,1.0,0.0,0.0,IT,E_ENS,41.8719,12.5674
IT_Wind_Onshore,producer,,none,18400.0,1.0,1.0,0.0,0.0,IT,Wind_Onshore,41.8719,12.5674
IT_Wind_Offshore,producer,,none,900.0,1.0,1.0,0.0,0.0,IT,Wind_Offshore,41.8719,12.5674
IT_Solar,producer,,none,52000.0,1.0,1.0,0.0,0.0,IT,Solar,41.8719,12.5674
IT_Hydro,producer,,none,6180.0,1.0,1.0,0.0,0.0,IT,Hydro,41.8719,12.5674
IT_Gas,producer,,none,40467.0,1.0,1.0,0.0,0.0,IT,Gas,41.8719,12.5674
IT_OCGT,producer,,none,3429.0,1.0,1.0,0.0,0.0,IT,OCGT,41.8719,12.5674
MT_E_ENS,producer,,none,552.0,1.0,1.0,0.0,0.0,MT,E_ENS,35.9375,14.3754
MT_Solar,producer,,none,266.0,1.0,1.0,0.0,0.0,MT,Solar,35.9375,14.3754
MT_Gas,producer,,none,486.0,1.0,1.0,0.0,0.0,MT,Gas,35.9375,14.3754
SI_E_ENS,producer,,none,2448.0,1.0,1.0,0.0,0.0,SI,E_ENS,46.1512,14.9955
SI_Wind_Onshore,producer,,none,150.0,1.0,1.0,0.0,0.0,SI,Wind_Onshore,46.1512,14.9955
SI_Solar,producer,,none,1866.0,1.0,1.0,0.0,0.0,SI,Solar,46.1512,14.9955
SI_Hydro,producer,,none,1278.0,1.0,1.0,0.0,0.0,SI,Hydro,46.1512,14.9955
SI_Nuclear,producer,,none,703.0,1.0,1.0,0.0,0.0,SI,Nuclear,46.1512,14.9955
SI_Coal,producer,,none,584.0,1.0,1.0,0.0,0.0,SI,Coal,46.1512,14.9955
SI_Gas,producer,,none,445.0,1.0,1.0,0.0,0.0,SI,Gas,46.1512,14.9955
SI_OCGT,producer,,none,331.0,1.0,1.0,0.0,0.0,SI,OCGT,46.1512,14.9955
HU_E_ENS,producer,,none,10349.0,1.0,1.0,0.0,0.0,HU,E_ENS,47.1625,19.5033
HU_Wind_Onshore,producer,,none,326.0,1.0,1.0,0.0,0.0,HU,Wind_Onshore,47.1625,19.5033
HU_Solar,producer,,none,6454.0,1.0,1.0,0.0,0.0,HU,Solar,47.1625,19.5033
HU_Hydro,producer,,none,55.0,1.0,1.0,0.0,0.0,HU,Hydro,47.1625,19.5033
HU_Nuclear,producer,,none,3080.0,1.0,1.0,0.0,0.0,HU,Nuclear,47.1625,19.5033
HU_Gas,producer,,none,2399.0,1.0,1.0,0.0,0.0,HU,Gas,47.1625,19.5033
HU_OCGT,producer,,none,270.0,1.0,1.0,0.0,0.0,HU,OCGT,47.1625,19.5033
SK_E_ENS,producer,,none,1056.0,1.0,1.0,0.0,0.0,SK,E_ENS,48.669,19.699
SK_Wind_Onshore,producer,,none,495.0,1.0,1.0,0.0,0.0,SK,Wind_Onshore,48.669,19.699
SK_Solar,producer,,none,1188.0,1.0,1.0,0.0,0.0,SK,Solar,48.669,19.699
SK_Hydro,producer,,none,1592.0,1.0,1.0,0.0,0.0,SK,Hydro,48.669,19.699
SK_Nuclear,producer,,none,2674.0,1.0,1.0,0.0,0.0,SK,Nuclear,48.669,19.699
SK_Coal,producer,,none,358.0,1.0,1.0,0.0,0.0,SK,Coal,48.669,19.699
SK_Gas,producer,,none,802.0,1.0,1.0,0.0,0.0,SK,Gas,48.669,19.699
LT_E_ENS,producer,,none,2131.0,1.0,1.0,0.0,0.0,LT,E_ENS,55.1694,23.8813
LT_Wind_Onshore,producer,,none,2000.0,1.0,1.0,0.0,0.0,LT,Wind_Onshore,55.1694,23.8813
LT_Wind_Offshore,producer,,none,1400.0,1.0,1.0,0.0,0.0,LT,Wind_Offshore,55.1694,23.8813
LT_Solar,producer,,none,1250.0,1.0,1.0,0.0,0.0,LT,Solar,55.1694,23.8813
LT_Hydro,producer,,none,128.0,1.0,1.0,0.0,0.0,LT,Hydro,55.1694,23.8813
LT_Gas,producer,,none,403.0,1.0,1.0,0.0,0.0,LT,Gas,55.1694,23.8813
LV_E_ENS,producer,,none,1409.0,1.0,1.0,0.0,0.0,LV,E_ENS,56.8796,24.6032
LV_Wind_Onshore,producer,,none,396.0,1.0,1.0,0.0,0.0,LV,Wind_Onshore,56.8796,24.6032
LV_Wind_Offshore,producer,,none,500.0,1.0,1.0,0.0,0.0,LV,Wind_Offshore,56.8796,24.6032
LV_Solar,producer,,none,109.0,1.0,1.0,0.0,0.0,LV,Solar,56.8796,24.6032
LV_Hydro,producer,,none,1608.0,1.0,1.0,0.0,0.0,LV,Hydro,56.8796,24.6032
LV_Gas,producer,,none,1061.0,1.0,1.0,0.0,0.0,LV,Gas,56.8796,24.6032
EE_E_ENS,producer,,none,1551.0,1.0,1.0,0.0,0.0,EE,E_ENS,58.5953,25.0136
EE_Wind_Onshore,producer,,none,838.0,1.0,1.0,0.0,0.0,EE,Wind_Onshore,58.5953,25.0136
EE_Wind_Offshore,producer,,none,200.0,1.0,1.0,0.0,0.0,EE,Wind_Offshore,58.5953,25.0136
EE_Solar,producer,,none,415.0,1.0,1.0,0.0,0.0,EE,Solar,58.5953,25.0136
FI_E_ENS,producer,,none,16523.0,1.0,1.0,0.0,0.0,FI,E_ENS,61.9241,25.7482
FI_Wind_Onshore,producer,,none,12369.0,1.0,1.0,0.0,0.0,FI,Wind_Onshore,61.9241,25.7482
FI_Wind_Offshore,producer,,none,1512.0,1.0,1.0,0.0,0.0,FI,Wind_Offshore,61.9241,25.7482
FI_Solar,producer,,none,1498.0,1.0,1.0,0.0,0.0,FI,Solar,61.9241,25.7482
FI_Nuclear,producer,,none,4394.0,1.0,1.0,0.0,0.0,FI,Nuclear,61.9241,25.7482
FI_Gas,producer,,none,855.0,1.0,1.0,0.0,0.0,FI,Gas,61.9241,25.7482
FI_OCGT,producer,,none,215.0,1.0,1.0,0.0,0.0,FI,OCGT,61.9241,25.7482
HR_E_ENS,producer,,none,2955.0,1.0,1.0,0.0,0.0,HR,E_ENS,45.1,15.2
HR_Wind_Onshore,producer,,none,2781.0,1.0,1.0,0.0,0.0,HR,Wind_Onshore,45.1,15.2
HR_Solar,producer,,none,750.0,1.0,1.0,0.0,0.0,HR,Solar,45.1,15.2
HR_Hydro,producer,,none,425.0,1.0,1.0,0.0,0.0,HR,Hydro,45.1,15.2
HR_Coal,producer,,none,290.0,1.0,1.0,0.0,0.0,HR,Coal,45.1,15.2
HR_Gas,producer,,none,697.0,1.0,1.0,0.0,0.0,HR,Gas,45.1,15.2
GR_E_ENS,producer,,none,10719.0,1.0,1.0,0.0,0.0,GR,E_ENS,39.0742,21.8243
GR_Wind_Onshore,producer,,none,6544.0,1.0,1.0,0.0,0.0,GR,Wind_Onshore,39.0742,21.8243
GR_Wind_Offshore,producer,,none,100.0,1.0,1.0,0.0,0.0,GR,Wind_Offshore,39.0742,21.8243
GR_Solar,producer,,none,7196.0,1.0,1.0,0.0,0.0,GR,Solar,39.0742,21.8243
GR_Hydro,producer,,none,383.0,1.0,1.0,0.0,0.0,GR,Hydro,39.0742,21.8243
GR_Gas,producer,,none,7521.0,1.0,1.0,0.0,0.0,GR,Gas,39.0742,21.8243
GR_OCGT,producer,,none,148.0,1.0,1.0,0.0,0.0,GR,OCGT,39.0742,21.8243
BG_E_ENS,producer,,none,6994.0,1.0,1.0,0.0,0.0,BG,E_ENS,42.7339,25.4858
BG_Wind_Onshore,producer,,none,948.0,1.0,1.0,0.0,0.0,BG,Wind_Onshore,42.7339,25.4858
BG_Solar,producer,,none,3216.0,1.0,1.0,0.0,0.0,BG,Solar,42.7339,25.4858
BG_Hydro,producer,,none,536.0,1.0,1.0,0.0,0.0,BG,Hydro,42.7339,25.4858
BG_Nuclear,producer,,none,1960.0,1.0,1.0,0.0,0.0,BG,Nuclear,42.7339,25.4858
BG_Coal,producer,,none,2519.0,1.0,1.0,0.0,0.0,BG,Coal,42.7339,25.4858
BG_Gas,producer,,none,2005.0,1.0,1.0,0.0,0.0,BG,Gas,42.7339,25.4858
BG_OCGT,producer,,none,20.0,1.0,1.0,0.0,0.0,BG,OCGT,42.7339,25.4858
RO_E_ENS,producer,,none,10352.0,1.0,1.0,0.0,0.0,RO,E_ENS,45.9432,24.9668
RO_Wind_Onshore,producer,,none,5255.0,1.0,1.0,0.0,0.0,RO,Wind_Onshore,45.9432,24.9668
RO_Solar,producer,,none,5054.0,1.0,1.0,0.0,0.0,RO,Solar,45.9432,24.9668
RO_Hydro,producer,,none,3366.0,1.0,1.0,0.0,0.0,RO,Hydro,45.9432,24.9668
RO_Nuclear,producer,,none,1965.0,1.0,1.0,0.0,0.0,RO,Nuclear,45.9432,24.9668
RO_Coal,producer,,none,2264.0,1.0,1.0,0.0,0.0,RO,Coal,45.9432,24.9668
RO_Gas,producer,,none,5689.0,1.0,1.0,0.0,0.0,RO,Gas,45.9432,24.9668
RO_OCGT,producer,,none,1015.0,1.0,1.0,0.0,0.0,RO,OCGT,45.9432,24.9668
CY_E_ENS,producer,,none,1331.0,1.0,1.0,0.0,0.0,CY,E_ENS,35.1264,33.4299
CY_Wind_Onshore,producer,,none,198.0,1.0,1.0,0.0,0.0,CY,Wind_Onshore,35.1264,33.4299
CY_Solar,producer,,none,800.0,1.0,1.0,0.0,0.0,CY,Solar,35.1264,33.4299
CY_Gas,producer,,none,1210.0,1.0,1.0,0.0,0.0,CY,Gas,35.1264,33.4299
NL_Battery,storage,,none,5800.0,1.0,1.0,0.0,17400,NL,Battery,52.1326,5.2913
BE_Battery,storage,,none,767.0,1.0,1.0,0.0,2301,BE,Battery,50.5039,4.4699
DE_Hydro_Reservoir,storage,,none,1297.0,1.0,1.0,0.0,258600,DE,Hydro_Reservoir,51.1657,10.4515
DE_Battery,storage,,none,4941.0,1.0,1.0,0.0,14823,DE,Battery,51.1657,10.4515
DE_Pump_Hydro_Closed,storage,,none,7382.0,1.0,1.0,0.0,242200,DE,Pump_Hydro_Closed,51.1657,10.4515
DE_Pump_Hydro_Open,storage,,none,1644.0,1.0,1.0,0.0,416700,DE,Pump_Hydro_Open,51.1657,10.4515
FR_Hydro_Reservoir,storage,,none,8785.0,1.0,1.0,0.0,10000000,FR,Hydro_Reservoir,46.6034,1.8883
FR_Pump_Hydro_Closed,storage,,none,1950.0,1.0,1.0,0.0,10000,FR,Pump_Hydro_Closed,46.6034,1.8883
FR_Pump_Hydro_Open,storage,,none,1850.0,1.0,1.0,0.0,90000,FR,Pump_Hydro_Open,46.6034,1.8883
UK_Battery,storage,,none,9059.0,1.0,1.0,0.0,27177,UK,Battery,55.3781,-3.436
UK_Pump_Hydro_Closed,storage,,none,2744.0,1.0,1.0,0.0,26400,UK,Pump_Hydro_Closed,55.3781,-3.436
IE_Battery,storage,,none,450.0,1.0,1.0,0.0,1350,IE,Battery,53.1424,-7.6921
IE_Pump_Hydro_Closed,storage,,none,292.0,1.0,1.0,0.0,1700,IE,Pump_Hydro_Closed,53.1424,-7.6921
CH_Battery,storage,,none,656.0,1.0,1.0,0.0,1968,CH,Battery,46.8182,8.2275
CH_Pump_Hydro_Closed,storage,,none,2170.0,1.0,1.0,0.0,70000,CH,Pump_Hydro_Closed,46.8182,8.2275
CH_Pump_Hydro_Open,storage,,none,10732.0,1.0,1.0,0.0,8800000,CH,Pump_Hydro_Open,46.8182,8.2275
AT_Hydro_Reservoir,storage,,none,2489.0,1.0,1.0,0.0,757000,AT,Hydro_Reservoir,47.5162,14.5501
AT_Battery,storage,,none,2469.0,1.0,1.0,0.0,7407,AT,Battery,47.5162,14.5501
AT_Pump_Hydro_Closed,storage,,none,300.0,1.0,1.0,0.0,1800,AT,Pump_Hydro_Closed,47.5162,14.5501
AT_Pump_Hydro_Open,storage,,none,5793.0,1.0,1.0,0.0,1732600,AT,Pump_Hydro_Open,47.5162,14.5501
LU_Pump_Hydro_Closed,storage,,none,1310.0,1.0,1.0,0.0,5000,LU,Pump_Hydro_Closed,49.8153,6.1296
CZ_Hydro_Reservoir,storage,,none,698.0,1.0,1.0,0.0,2500,CZ,Hydro_Reservoir,49.8175,15.473
CZ_Battery,storage,,none,1220.0,1.0,1.0,0.0,3660,CZ,Battery,49.8175,15.473
CZ_Pump_Hydro_Closed,storage,,none,688.0,1.0,1.0,0.0,3700,CZ,Pump_Hydro_Closed,49.8175,15.473
CZ_Pump_Hydro_Open,storage,,none,470.0,1.0,1.0,0.0,2300,CZ,Pump_Hydro_Open,49.8175,15.473
PL_Hydro_Reservoir,storage,,none,272.0,1.0,1.0,0.0,800,PL,Hydro_Reservoir,51.9194,19.1451
PL_Pump_Hydro_Closed,storage,,none,1323.0,1.0,1.0,0.0,6300,PL,Pump_Hydro_Closed,51.9194,19.1451
PL_Pump_Hydro_Open,storage,,none,216.0,1.0,1.0,0.0,1500,PL,Pump_Hydro_Open,51.9194,19.1451
SE_Hydro_Reservoir,storage,,none,16447.0,1.0,1.0,0.0,31931326,SE,Hydro_Reservoir,60.1282,18.6435
SE_Battery,storage,,none,543.0,1.0,1.0,0.0,1629,SE,Battery,60.1282,18.6435
NO_Pump_Hydro_Open,storage,,none,38048.0,1.0,1.0,0.0,89577400,NO,Pump_Hydro_Open,60.472,8.4689
ES_Hydro_Reservoir,storage,,none,10972.0,1.0,1.0,0.0,11648500,ES,Hydro_Reservoir,40.4637,-3.7492
ES_Battery,storage,,none,2500.0,1.0,1.0,0.0,7500,ES,Battery,40.4637,-3.7492
ES_Pump_Hydro_Closed,storage,,none,6866.0,1.0,1.0,0.0,99000,ES,Pump_Hydro_Closed,40.4637,-3.7492
ES_Pump_Hydro_Open,storage,,none,2683.0,1.0,1.0,0.0,5961900,ES,Pump_Hydro_Open,40.4637,-3.7492
PT_Hydro_Reservoir,storage,,none,3766.0,1.0,1.0,0.0,1289600,PT,Hydro_Reservoir,39.3999,-8.2245
PT_Pump_Hydro_Open,storage,,none,3832.0,1.0,1.0,0.0,2017900,PT,Pump_Hydro_Open,39.3999,-8.2245
IT_Hydro_Reservoir,storage,,none,9576.0,1.0,1.0,0.0,5567850,IT,Hydro_Reservoir,41.8719,12.5674
IT_Battery,storage,,none,1500.0,1.0,1.0,0.0,4500,IT,Battery,41.8719,12.5674
IT_Pump_Hydro_Closed,storage,,none,6200.0,1.0,1.0,0.0,63000,IT,Pump_Hydro_Closed,41.8719,12.5674
IT_Pump_Hydro_Open,storage,,none,3254.0,1.0,1.0,0.0,288990,IT,Pump_Hydro_Open,41.8719,12.5674
SI_Battery,storage,,none,65.0,1.0,1.0,0.0,195,SI,Battery,46.1512,14.9955
SI_Pump_Hydro_Closed,storage,,none,180.0,1.0,1.0,0.0,2600,SI,Pump_Hydro_Closed,46.1512,14.9955
HU_Battery,storage,,none,50.0,1.0,1.0,0.0,150,HU,Battery,47.1625,19.5033
SK_Hydro_Reservoir,storage,,none,21.0,1.0,1.0,0.0,17242,SK,Hydro_Reservoir,48.669,19.699
SK_Pump_Hydro_Closed,storage,,none,650.0,1.0,1.0,0.0,4100,SK,Pump_Hydro_Closed,48.669,19.699
SK_Pump_Hydro_Open,storage,,none,276.0,1.0,1.0,0.0,45550,SK,Pump_Hydro_Open,48.669,19.699
LT_Battery,storage,,none,20.0,1.0,1.0,0.0,60,LT,Battery,55.1694,23.8813
LT_Pump_Hydro_Closed,storage,,none,930.0,1.0,1.0,0.0,10600,LT,Pump_Hydro_Closed,55.1694,23.8813
FI_Hydro_Reservoir,storage,,none,3237.0,1.0,1.0,0.0,5530000,FI,Hydro_Reservoir,61.9241,25.7482
FI_Battery,storage,,none,125.0,1.0,1.0,0.0,375,FI,Battery,61.9241,25.7482
HR_Hydro_Reservoir,storage,,none,1941.0,1.0,1.0,0.0,2045900,HR,Hydro_Reservoir,45.1,15.2
HR_Battery,storage,,none,20.0,1.0,1.0,0.0,60,HR,Battery,45.1,15.2
HR_Pump_Hydro_Open,storage,,none,281.0,1.0,1.0,0.0,18300,HR,Pump_Hydro_Open,45.1,15.2
GR_Hydro_Reservoir,storage,,none,2744.0,1.0,1.0,0.0,3600000,GR,Hydro_Reservoir,39.0742,21.8243
GR_Battery,storage,,none,1100.0,1.0,1.0,0.0,3300,GR,Battery,39.0742,21.8243
GR_Pump_Hydro_Closed,storage,,none,680.0,1.0,1.0,0.0,0,GR,Pump_Hydro_Closed,39.0742,21.8243
GR_Pump_Hydro_Open,storage,,none,699.0,1.0,1.0,0.0,4500,GR,Pump_Hydro_Open,39.0742,21.8243
BG_Hydro_Reservoir,storage,,none,1281.0,1.0,1.0,0.0,843000,BG,Hydro_Reservoir,42.7339,25.4858
BG_Pump_Hydro_Closed,storage,,none,864.0,1.0,1.0,0.0,9400,BG,Pump_Hydro_Closed,42.7339,25.4858
BG_Pump_Hydro_Open,storage,,none,535.0,1.0,1.0,0.0,255300,BG,Pump_Hydro_Open,42.7339,25.4858
RO_Hydro_Reservoir,storage,,none,2579.0,1.0,1.0,0.0,2425300,RO,Hydro_Reservoir,45.9432,24.9668
RO_Battery,storage,,none,100.0,1.0,1.0,0.0,300,RO,Battery,45.9432,24.9668
RO_Pump_Hydro_Open,storage,,none,839.0,1.0,1.0,0.0,1506400,RO,Pump_Hydro_Open,45.9432,24.9668
CY_Battery,storage,,none,41.0,1.0,1.0,0.0,123,CY,Battery,35.1264,33.4299
